{
  "cv_f1_mean": 0.8426680424534526,
  "cv_f1_std": 0.06912564271137771,
  "folds": [
    0.8765987913172696,
    0.8780490611065036,
    0.8888888050111524,
    0.86452092887418,
    0.7052826259581572
  ],
  "dummy_acc": 0.5,
  "heavy_acc": 0.8729064039408867,
  "lift": 0.3729064039408867
}