{
  "cv_f1_mean": 0.8484375100750254,
  "cv_f1_std": 0.05643393415652113,
  "folds": [
    0.872703601909446,
    0.8797974892255452,
    0.87676755103311,
    0.8772575738867873,
    0.7356613343202391
  ],
  "dummy_acc": 0.5,
  "heavy_acc": 0.8706199460916442,
  "lift": 0.37061994609164417
}