{
  "cv_f1_mean": 0.8487896585066386,
  "cv_f1_std": 0.0561213661207975,
  "folds": [
    0.8722018483203755,
    0.8797974892255452,
    0.8777772789604285,
    0.8775121223521626,
    0.7366595536746812
  ],
  "dummy_acc": 0.5,
  "heavy_acc": 0.8697214734950584,
  "lift": 0.36972147349505835
}