{
  "reference_size": 17933,
  "scenarios": [
    {
      "name": "test-set",
      "size": 2030,
      "psi": 0.0074,
      "ks_stat": 0.0223,
      "ks_p": 0.32172275668989836,
      "verdict": "stabiel"
    },
    {
      "name": "short-only",
      "size": 504,
      "psi": 8.983,
      "ks_stat": 0.7559,
      "ks_p": 2.3528429197783543e-291,
      "verdict": "significante drift"
    }
  ]
}